,count,mean,std,min,25%,50%,75%,max,missing_events
origin_total,21.0,41024.95238095238,8118.183414263258,18974.0,36416.0,40721.0,46303.0,57724.0,0
baseline_total,21.0,23134.154761904763,5547.7717343245695,12739.0,18622.333333333332,22710.25,26783.0,30150.5,0
is_weekend,21.0,0.5238095238095238,0.511766315719159,0.0,0.0,1.0,1.0,1.0,0
day_of_year,21.0,222.0,21.874642854227357,186.0,211.0,221.0,232.0,289.0,0
year_index,21.0,5.857142857142857,2.5746012173871566,0.0,5.0,6.0,8.0,9.0,0
temperature_mean,21.0,28.879365079365076,1.985873057106571,24.183333333333334,27.766666666666666,29.45,30.21666666666667,32.0,0
wind_mean,21.0,1.8079365079365084,0.9620669162395884,0.7166666666666667,1.1666666666666667,1.4166666666666667,2.2333333333333334,4.433333333333334,0
rain_mean,18.0,0.004629629629629629,0.019641855032959652,0.0,0.0,0.0,0.0,0.08333333333333333,3
cloud_mean,15.0,5.633333333333335,3.3429622829755083,0.0,3.3333333333333335,5.166666666666667,8.75,10.0,6
