,origin_total,baseline_total,is_weekend,day_of_year,year_index,temperature_mean,wind_mean,rain_mean,cloud_mean
origin_total,1.0,-0.09108670571386862,0.4566315765408858,0.28849908624392956,0.3040259548340554,0.0,0.12341670024088541,-0.3506115062819234,0.27549239072553394
baseline_total,-0.09108670571386862,1.0,-0.8677174120477216,-0.2985028572107813,0.3693764679891755,0.18022155344815435,-0.33810653280579944,0.07030391850243951,-0.7113355373546815
is_weekend,0.4566315765408858,-0.8677174120477216,1.0,0.5120749082585925,-0.3118408532791266,-0.22044283005422075,0.3701492340009743,-0.24253562503633297,0.6722214816785518
day_of_year,0.28849908624392956,-0.2985028572107813,0.5120749082585925,1.0,-0.21018482867919017,-0.46718658335447155,0.15664609212036212,-0.25738085672378885,0.20232774446508103
year_index,0.3040259548340554,0.3693764679891755,-0.3118408532791266,-0.21018482867919017,1.0,-0.027698677013080972,-0.3496444635771294,-0.04782129100578041,0.10653665912331074
temperature_mean,0.0,0.18022155344815435,-0.22044283005422075,-0.46718658335447155,-0.027698677013080972,1.0,0.33517377539103616,-0.2571151046067438,-0.4132385860883009
wind_mean,0.12341670024088541,-0.33810653280579944,0.3701492340009743,0.15664609212036212,-0.3496444635771294,0.33517377539103616,1.0,-0.023374100418794893,-0.04028649779171968
rain_mean,-0.3506115062819234,0.07030391850243951,-0.24253562503633297,-0.25738085672378885,-0.04782129100578041,-0.2571151046067438,-0.023374100418794893,1.0,-0.0772578714180725
cloud_mean,0.27549239072553394,-0.7113355373546815,0.6722214816785518,0.20232774446508103,0.10653665912331074,-0.4132385860883009,-0.04028649779171968,-0.0772578714180725,1.0
