event_date,year,is_weekend,day_of_year,year_index,origin_total,baseline_total,temperature_mean,wind_mean,rain_mean,cloud_mean,rain_trace_bins,observed_has_drone_show,observed_fireworks_seconds
2017-08-26,2017,1,238,0,47114.0,20810.0,30.916666666666668,4.433333333333334,0.0,,0,,600.0
2018-08-18,2018,1,230,1,36416.0,21678.5,27.866666666666664,1.1833333333333333,0.0,,0,,320.0
2019-08-03,2019,1,215,2,48354.0,22686.0,29.45,3.0666666666666664,0.0,,0,,480.0
2020-08-29,2020,1,242,3,46303.0,18622.333333333332,29.46666666666667,3.4,0.0,,0,,480.0
2021-10-16,2021,1,289,4,18974.0,12739.0,24.183333333333334,3.0500000000000003,,,4,,480.0
2022-07-30,2022,1,211,5,37994.0,14198.5,29.683333333333334,1.5166666666666666,0.0,,0,,480.0
2023-07-05,2023,0,186,6,33503.0,26433.75,32.0,1.9333333333333333,0.0,8.666666666666666,0,,180.0
2023-07-12,2023,0,193,6,35002.0,26433.75,30.21666666666667,1.5833333333333333,0.0,3.3333333333333335,0,,180.0
2023-07-19,2023,0,200,6,34151.0,26433.75,27.78333333333333,1.4166666666666667,0.08333333333333333,4.166666666666667,0,,180.0
2023-08-09,2023,0,221,6,37587.0,26627.666666666668,30.933333333333334,1.1666666666666667,0.0,3.0,0,,360.0
2023-08-16,2023,0,228,6,35730.0,26783.0,27.900000000000002,0.7166666666666667,0.0,4.666666666666667,0,,360.0
2023-08-20,2023,1,232,6,37814.0,16765.25,26.233333333333334,1.2333333333333334,0.0,9.333333333333334,0,,480.0
2024-07-17,2024,0,199,7,39913.0,28997.0,31.45,1.3666666666666665,0.0,3.3333333333333335,0,,300.0
2024-07-31,2024,0,213,7,40721.0,28997.0,27.166666666666668,1.0,,8.833333333333334,1,,300.0
2024-08-10,2024,1,223,7,57724.0,21547.5,27.766666666666666,0.9833333333333334,,8.666666666666666,2,,480.0
2025-08-06,2025,0,218,8,42947.0,30009.75,29.150000000000002,0.9833333333333334,0.0,0.16666666666666666,0,,300.0
2025-08-20,2025,0,232,8,43409.0,30009.75,26.400000000000002,1.4000000000000001,0.0,6.0,0,,300.0
2025-08-30,2025,1,242,8,52765.0,22710.25,29.75,2.25,0.0,5.166666666666667,0,,480.0
2026-07-25,2026,1,206,9,44950.0,16524.0,30.866666666666664,1.9833333333333334,0.0,10.0,0,1.0,480.0
2026-08-05,2026,0,217,9,42172.0,30150.5,29.983333333333334,2.2333333333333334,0.0,0.0,0,0.0,480.0
2026-08-15,2026,1,227,9,47981.0,16660.0,27.3,1.0666666666666667,0.0,9.166666666666666,0,1.0,480.0
