model,events,rows,mae,rmse,bias_pred_minus_actual,peak_underprediction_mean,peak_hour_mae,event_date
equal,1,24,447.62451141290444,637.7723361989016,18.902127294465355,936.32803020785,1.0,2024-07-17
baseline,1,24,464.7916666666667,888.2102439738015,-454.8333333333333,1010.5,1.25,2024-07-17
stack,1,24,475.569352335069,666.6312255779177,145.27235999861193,663.2233763363166,1.0,2024-07-17
xgboost,1,24,487.78746668497723,737.4121880778475,-73.47755813598633,1178.6307983398438,1.75,2024-07-17
ols,1,24,513.61136041166,713.5066575566273,228.87081600181492,473.92747946987083,1.0,2024-07-17
ridge,1,24,596.8279082814549,807.9751476363596,-98.68687598243245,1203.7753593637144,1.25,2024-07-17
baseline,1,24,488.5,923.4550724498368,-488.5,1150.0,1.25,2024-07-31
equal,1,24,501.9982229226621,722.6696580905251,-23.647397260031493,1107.4901736237225,1.0,2024-07-31
xgboost,1,24,515.792298634847,821.9369264246694,-107.144224802653,1343.1307983398438,1.75,2024-07-31
stack,1,24,558.8871981040993,750.1364524896464,111.60569333194526,827.7233763363166,1.0,2024-07-31
ols,1,24,595.4698505029145,788.8228812606043,195.20414933514826,630.7529497436343,1.0,2024-07-31
ridge,1,24,617.0365736287229,872.4131537351451,-159.00211631258978,1379.4239330272048,1.25,2024-07-31
ols,1,24,1015.9118109737356,1775.8376417099892,-852.5572972832152,2599.8378098616845,0.75,2024-08-10
stack,1,24,1049.9423081643056,1856.2115931089872,-908.7692790334578,2713.2789539039795,0.75,2024-08-10
equal,1,24,1078.023895343266,2039.064042147767,-948.4380121934529,3082.952643138988,0.75,2024-08-10
xgboost,1,24,1162.9603589375813,2102.003059338324,-1055.857718149821,3010.117462158203,0.75,2024-08-10
ridge,1,24,1173.1691486623624,2305.097113706951,-936.8990211473225,3638.9026573970773,0.75,2024-08-10
baseline,1,24,1507.3541666666667,2659.4325336510547,-1507.3541666666667,4249.0,1.5,2024-08-10
equal,1,24,425.10531515085455,653.4248833949022,-100.21476330106498,654.0684538378176,0.75,2025-08-06
ridge,1,24,431.7234828035171,727.137710344474,-169.65191714522197,788.0152696194955,1.5,2025-08-06
stack,1,24,468.4854963447228,660.003325897428,-89.28031385493061,436.0693233899608,1.5,2025-08-06
xgboost,1,24,468.8810920715332,722.1988313113613,-72.0507926940918,919.0711059570312,0.75,2025-08-06
ols,1,24,536.1443090308007,695.006901523506,-58.94158006388117,326.75341895480994,1.5,2025-08-06
baseline,1,24,545.4895833333334,1069.436600846056,-539.0520833333334,947.0,0.75,2025-08-06
equal,1,24,432.76533317688035,694.9193756895713,-139.76292065236782,569.6484407527453,0.0,2025-08-20
ridge,1,24,451.6597671672502,785.6337708024977,-249.79638919913054,868.4019717590697,0.75,2025-08-20
xgboost,1,24,459.05628331502277,735.4369650585637,-91.3007926940918,770.1529541015625,0.0,2025-08-20
stack,1,24,484.2262385786126,710.5796136479386,-124.79863393457259,364.20235460911033,0.75,2025-08-20
ols,1,24,554.1369591965957,744.3268057278399,-78.19158006388118,234.01896074212914,0.75,2025-08-20
baseline,1,24,581.8645833333334,1135.042279636534,-558.3020833333334,1327.5,1.5,2025-08-20
stack,1,24,809.2480076219623,1519.5693424732972,-306.1774428476473,2007.3291810651785,0.75,2025-08-30
equal,1,24,811.2225280911019,1619.0415667949158,-379.10595041763276,2084.6996152968113,0.75,2025-08-30
xgboost,1,24,812.0727411905924,1705.9670935464756,-418.38183848063153,2091.3966369628906,0.75,2025-08-30
ols,1,24,822.7008305725852,1426.9126970956404,-220.317883569376,1879.8650903416997,0.75,2025-08-30
ridge,1,24,887.1858251795114,1783.9071221452823,-498.61812920289094,2387.2955715928474,0.75,2025-08-30
baseline,1,24,1258.03125,2405.6876404549075,-1252.28125,3718.4375,2.25,2025-08-30
equal,1,24,640.0284083939979,1376.5483843826587,-141.5541094267284,1951.5087362423387,0.75,2026-07-25
stack,1,24,643.2659879416086,1343.4344027053035,-190.87322638640617,1958.2513025016046,0.75,2026-07-25
xgboost,1,24,689.2794825236002,1374.2570018552126,-105.37818654378255,1859.9541015625,0.75,2026-07-25
ols,1,24,725.873419035941,1327.3961689210398,-255.43362747454646,1961.230686516983,0.75,2026-07-25
ridge,1,24,753.6139913941614,1521.0931511360511,-63.85051426185615,2048.664449162081,0.75,2026-07-25
baseline,1,24,1184.4166666666667,2194.4821818133532,-1184.4166666666667,3699.3333333333335,2.25,2026-07-25
equal,1,24,433.4077182207173,647.2641524676958,7.234570463828409,583.8180684103339,0.0,2026-08-05
xgboost,1,24,453.9422899881999,652.7536351059779,18.13485590616862,718.3724365234375,0.0,2026-08-05
stack,1,24,465.09304002155636,656.8156979182024,3.8540792575139613,445.5613646535976,0.0,2026-08-05
ridge,1,24,494.7948194057403,736.9373118705403,3.571484702371644,766.2657472213137,0.75,2026-08-05
baseline,1,24,507.8125,1091.2255963288862,-500.8958333333333,1309.5625,1.5,2026-08-05
ols,1,24,549.1818526064336,707.4308618539759,-0.002629217055139558,303.20447874995784,0.0,2026-08-05
equal,1,24,735.3229790329765,1587.9217973703044,-273.0669985475939,2255.083512335918,0.75,2026-08-15
stack,1,24,749.0748223651268,1552.166024129285,-317.55458093410743,2281.3455626756845,0.75,2026-08-15
xgboost,1,24,766.9347661336263,1573.6472420881566,-204.18920135498047,2042.8201904296875,0.75,2026-08-15
ols,1,24,812.3488478540745,1526.1556824510606,-373.3434256138343,2302.6942851214485,0.75,2026-08-15
ridge,1,24,816.0619938980682,1744.6750151157532,-241.66836867396694,2419.736061456617,0.75,2026-08-15
baseline,1,24,1305.0416666666667,2435.477651432055,-1305.0416666666667,3999.9375,2.25,2026-08-15
