train_end,model,groups,params,inner_event_mae,inner_events
2020-08-29,ols,[],{},817.3374186350654,2
2020-08-29,ols,"[""day_of_year""]",{},1004.8602485062795,2
2020-08-29,ols,"[""year_index""]",{},952.6452721482344,2
2020-08-29,ridge,"[""is_weekend"", ""day_of_year"", ""year_index""]","{""lambda"": 0.001}",1502.3210966135139,2
2020-08-29,ridge,"[""is_weekend"", ""day_of_year"", ""year_index""]","{""lambda"": 0.01}",1433.7208157527875,2
2020-08-29,ridge,"[""is_weekend"", ""day_of_year"", ""year_index""]","{""lambda"": 0.1}",972.0233089915947,2
2020-08-29,ridge,"[""is_weekend"", ""day_of_year"", ""year_index""]","{""lambda"": 1.0}",1018.7431189240395,2
2020-08-29,ridge,"[""is_weekend"", ""day_of_year"", ""year_index""]","{""lambda"": 10.0}",1068.364325694943,2
2020-08-29,xgboost,"[""is_weekend"", ""day_of_year"", ""year_index""]","{""max_depth"": 1, ""n_estimators"": 100}",1072.8262405395508,2
2020-08-29,xgboost,"[""is_weekend"", ""day_of_year"", ""year_index""]","{""max_depth"": 1, ""n_estimators"": 250}",1095.428939819336,2
2020-08-29,xgboost,"[""is_weekend"", ""day_of_year"", ""year_index""]","{""max_depth"": 2, ""n_estimators"": 100}",1072.8262405395508,2
2020-08-29,xgboost,"[""is_weekend"", ""day_of_year"", ""year_index""]","{""max_depth"": 2, ""n_estimators"": 250}",1095.394963582357,2
2021-10-16,ols,[],{},995.8077341132379,3
2021-10-16,ols,"[""day_of_year""]",{},1049.1386747195513,3
2021-10-16,ols,"[""year_index""]",{},1096.7771762036125,3
2021-10-16,ridge,"[""is_weekend"", ""day_of_year"", ""year_index""]","{""lambda"": 0.001}",1385.5560697726562,3
2021-10-16,ridge,"[""is_weekend"", ""day_of_year"", ""year_index""]","{""lambda"": 0.01}",1328.7801887628877,3
2021-10-16,ridge,"[""is_weekend"", ""day_of_year"", ""year_index""]","{""lambda"": 0.1}",1008.5455587191624,3
2021-10-16,ridge,"[""is_weekend"", ""day_of_year"", ""year_index""]","{""lambda"": 1.0}",1043.5175359145885,3
2021-10-16,ridge,"[""is_weekend"", ""day_of_year"", ""year_index""]","{""lambda"": 10.0}",1069.5242644777654,3
2021-10-16,xgboost,"[""is_weekend"", ""day_of_year"", ""year_index""]","{""max_depth"": 1, ""n_estimators"": 100}",1143.8017001681858,3
2021-10-16,xgboost,"[""is_weekend"", ""day_of_year"", ""year_index""]","{""max_depth"": 1, ""n_estimators"": 250}",1182.9085371229385,3
2021-10-16,xgboost,"[""is_weekend"", ""day_of_year"", ""year_index""]","{""max_depth"": 2, ""n_estimators"": 100}",1152.1461995442708,3
2021-10-16,xgboost,"[""is_weekend"", ""day_of_year"", ""year_index""]","{""max_depth"": 2, ""n_estimators"": 250}",1209.830985175239,3
2022-07-30,ols,[],{},924.1203290105047,4
2022-07-30,ols,"[""day_of_year""]",{},1097.7297637517681,4
2022-07-30,ols,"[""year_index""]",{},1024.1293685697601,4
2022-07-30,ridge,"[""is_weekend"", ""day_of_year"", ""year_index""]","{""lambda"": 0.001}",1319.9163483927455,4
2022-07-30,ridge,"[""is_weekend"", ""day_of_year"", ""year_index""]","{""lambda"": 0.01}",1269.456427993406,4
2022-07-30,ridge,"[""is_weekend"", ""day_of_year"", ""year_index""]","{""lambda"": 0.1}",1005.2440556985916,4
2022-07-30,ridge,"[""is_weekend"", ""day_of_year"", ""year_index""]","{""lambda"": 1.0}",1032.5270453346018,4
2022-07-30,ridge,"[""is_weekend"", ""day_of_year"", ""year_index""]","{""lambda"": 10.0}",1064.709825094043,4
2022-07-30,xgboost,"[""is_weekend"", ""day_of_year"", ""year_index""]","{""max_depth"": 1, ""n_estimators"": 100}",1144.0070788065593,4
2022-07-30,xgboost,"[""is_weekend"", ""day_of_year"", ""year_index""]","{""max_depth"": 1, ""n_estimators"": 250}",1196.6239535013835,4
2022-07-30,xgboost,"[""is_weekend"", ""day_of_year"", ""year_index""]","{""max_depth"": 2, ""n_estimators"": 100}",1186.6191813151042,4
2022-07-30,xgboost,"[""is_weekend"", ""day_of_year"", ""year_index""]","{""max_depth"": 2, ""n_estimators"": 250}",1236.8339989980063,4
2023-08-20,ols,[],{},805.0645334021729,10
2023-08-20,ols,"[""is_weekend""]",{},805.0645334021729,10
2023-08-20,ols,"[""day_of_year""]",{},1001.1948769616504,10
2023-08-20,ols,"[""year_index""]",{},851.4674606381772,10
2023-08-20,ridge,"[""is_weekend"", ""day_of_year"", ""year_index""]","{""lambda"": 0.001}",1113.2122718628939,10
2023-08-20,ridge,"[""is_weekend"", ""day_of_year"", ""year_index""]","{""lambda"": 0.01}",1091.7845456832065,10
2023-08-20,ridge,"[""is_weekend"", ""day_of_year"", ""year_index""]","{""lambda"": 0.1}",925.3926516060144,10
2023-08-20,ridge,"[""is_weekend"", ""day_of_year"", ""year_index""]","{""lambda"": 1.0}",885.7495079839518,10
2023-08-20,ridge,"[""is_weekend"", ""day_of_year"", ""year_index""]","{""lambda"": 10.0}",912.386722420805,10
2023-08-20,xgboost,"[""is_weekend"", ""day_of_year"", ""year_index""]","{""max_depth"": 1, ""n_estimators"": 100}",944.937483215332,10
2023-08-20,xgboost,"[""is_weekend"", ""day_of_year"", ""year_index""]","{""max_depth"": 1, ""n_estimators"": 250}",942.840665435791,10
2023-08-20,xgboost,"[""is_weekend"", ""day_of_year"", ""year_index""]","{""max_depth"": 2, ""n_estimators"": 100}",943.6746859232586,10
2023-08-20,xgboost,"[""is_weekend"", ""day_of_year"", ""year_index""]","{""max_depth"": 2, ""n_estimators"": 250}",959.759922472636,10
2024-08-10,ols,[],{},782.7414119930799,13
2024-08-10,ols,"[""is_weekend""]",{},767.5247337303824,13
2024-08-10,ols,"[""day_of_year""]",{},932.1802945269361,13
2024-08-10,ols,"[""year_index""]",{},833.8697290770707,13
2024-08-10,ols,"[""is_weekend"", ""day_of_year""]",{},916.035873691577,13
2024-08-10,ols,"[""is_weekend"", ""year_index""]",{},803.1058133635429,13
2024-08-10,ridge,"[""is_weekend"", ""day_of_year"", ""year_index""]","{""lambda"": 0.001}",1001.9038485488364,13
2024-08-10,ridge,"[""is_weekend"", ""day_of_year"", ""year_index""]","{""lambda"": 0.01}",988.3113846972118,13
2024-08-10,ridge,"[""is_weekend"", ""day_of_year"", ""year_index""]","{""lambda"": 0.1}",858.7881129660964,13
2024-08-10,ridge,"[""is_weekend"", ""day_of_year"", ""year_index""]","{""lambda"": 1.0}",864.9637469547737,13
2024-08-10,ridge,"[""is_weekend"", ""day_of_year"", ""year_index""]","{""lambda"": 10.0}",914.4570640504782,13
2024-08-10,xgboost,"[""is_weekend"", ""day_of_year"", ""year_index""]","{""max_depth"": 1, ""n_estimators"": 100}",900.0927035991962,13
2024-08-10,xgboost,"[""is_weekend"", ""day_of_year"", ""year_index""]","{""max_depth"": 1, ""n_estimators"": 250}",891.9189829704089,13
2024-08-10,xgboost,"[""is_weekend"", ""day_of_year"", ""year_index""]","{""max_depth"": 2, ""n_estimators"": 100}",878.8949453891853,13
2024-08-10,xgboost,"[""is_weekend"", ""day_of_year"", ""year_index""]","{""max_depth"": 2, ""n_estimators"": 250}",898.4633787045113,13
2025-08-30,ols,[],{},756.3899422322231,16
2025-08-30,ols,"[""is_weekend""]",{},743.1752273309346,16
2025-08-30,ols,"[""day_of_year""]",{},876.5627704301235,16
2025-08-30,ols,"[""year_index""]",{},804.407256796876,16
2025-08-30,ols,"[""is_weekend"", ""day_of_year""]",{},865.2674638701999,16
2025-08-30,ols,"[""is_weekend"", ""year_index""]",{},774.9692935391257,16
2025-08-30,ridge,"[""is_weekend"", ""day_of_year"", ""year_index""]","{""lambda"": 0.001}",935.0607984992924,16
2025-08-30,ridge,"[""is_weekend"", ""day_of_year"", ""year_index""]","{""lambda"": 0.01}",921.4578166807987,16
2025-08-30,ridge,"[""is_weekend"", ""day_of_year"", ""year_index""]","{""lambda"": 0.1}",808.4259089818457,16
2025-08-30,ridge,"[""is_weekend"", ""day_of_year"", ""year_index""]","{""lambda"": 1.0}",847.9047334618377,16
2025-08-30,ridge,"[""is_weekend"", ""day_of_year"", ""year_index""]","{""lambda"": 10.0}",913.8281378370209,16
2025-08-30,xgboost,"[""is_weekend"", ""day_of_year"", ""year_index""]","{""max_depth"": 1, ""n_estimators"": 100}",859.3992171287537,16
2025-08-30,xgboost,"[""is_weekend"", ""day_of_year"", ""year_index""]","{""max_depth"": 1, ""n_estimators"": 250}",842.582364320755,16
2025-08-30,xgboost,"[""is_weekend"", ""day_of_year"", ""year_index""]","{""max_depth"": 2, ""n_estimators"": 100}",822.8527754147848,16
2025-08-30,xgboost,"[""is_weekend"", ""day_of_year"", ""year_index""]","{""max_depth"": 2, ""n_estimators"": 250}",837.3853764881691,16
