model,events,rows,mae,rmse,bias_pred_minus_actual,peak_underprediction_mean,peak_hour_mae,station
xgboost,9,54,1334.6194932725693,2305.7556120849945,-987.8350084092882,4080.9862196180557,0.2222222222222222,北門
equal,9,54,1395.903930656904,2278.0195836965586,-824.0013933405658,4115.771622526177,0.2222222222222222,北門
stack,9,54,1404.0856078464758,2155.4772286208026,-583.9582776991572,3844.2328306403774,0.8888888888888888,北門
ols,9,54,1419.4762653461578,2072.114857218133,-369.67997272637024,3569.486643084706,0.8888888888888888,北門
ridge,9,54,1532.5457326169658,2540.1650882426015,-1114.4891988860388,4696.842004875771,1.4444444444444444,北門
baseline,9,54,2027.5030864197531,3281.4747923783298,-2027.5030864197531,6277.407407407407,2.7777777777777777,北門
equal,9,54,353.7466056050683,552.9176030651665,-101.51027462753453,721.016712665494,0.3333333333333333,大橋頭站
stack,9,54,376.36231814013587,557.6348006236074,-172.9242810439934,675.9620070548018,0.3333333333333333,大橋頭站
ols,9,54,417.12927127478207,576.561641649942,-226.84238714919968,652.8188813908923,0.3333333333333333,大橋頭站
xgboost,9,54,419.02117015697337,559.5947926113874,-38.506744384765625,608.1456434461805,0.3333333333333333,大橋頭站
ridge,9,54,422.0276606391099,684.2011379548011,-39.181692348638194,958.7550835548757,1.0,大橋頭站
baseline,9,54,788.020061728395,1219.3752933759479,-788.020061728395,2227.4166666666665,2.6666666666666665,大橋頭站
baseline,9,54,156.58950617283952,231.0811851841048,-146.7469135802469,202.50925925925924,0.0,民權西路
equal,9,54,462.20906547132773,615.677594474992,36.00141003443437,769.7594754293721,1.3333333333333333,民權西路
stack,9,54,474.1637428273091,629.7888025805038,14.710256837251162,569.7089527675762,1.3333333333333333,民權西路
ridge,9,54,498.59437381186376,649.8713997538301,94.22200492159004,738.4186669273372,1.3333333333333333,民權西路
xgboost,9,54,513.7900209780092,790.7385947165715,19.270718044704854,1154.3355305989583,2.0,民權西路
ols,9,54,530.9948469167151,693.3742638064509,-5.488492862991803,485.57545951992597,1.3333333333333333,民權西路
equal,9,54,235.02880348686045,324.1770709980144,9.664278360075292,271.4955999774126,0.6666666666666666,雙連
stack,9,54,280.40719850921835,366.31560498966286,-3.0371844954564216,108.75611863579944,0.6666666666666666,雙連
ridge,9,54,312.19823756352247,439.61414144233817,-13.707490230486481,495.0869204639817,0.0,雙連
xgboost,9,54,317.77232869466144,381.8058097326444,69.45083166051795,349.2643771701389,0.6666666666666666,雙連
ols,9,54,354.7903898777854,451.7838621056364,-26.75050634980557,53.13464244990579,0.6666666666666666,雙連
baseline,9,54,513.7993827160494,723.5415266535716,-500.25308641975306,808.7870370370371,1.0,雙連
