layer,parent_train_end,validation_year,train_end,validation_start,train_events,validation_events
inner,2020-08-29,2019,2018-08-18,2019-08-03,2,1
inner,2020-08-29,2020,2019-08-03,2020-08-29,3,1
middle,2023-08-20,2021,2020-08-29,2021-10-16,4,1
inner,2021-10-16,2019,2018-08-18,2019-08-03,2,1
inner,2021-10-16,2020,2019-08-03,2020-08-29,3,1
inner,2021-10-16,2021,2020-08-29,2021-10-16,4,1
middle,2023-08-20,2022,2021-10-16,2022-07-30,5,1
inner,2022-07-30,2019,2018-08-18,2019-08-03,2,1
inner,2022-07-30,2020,2019-08-03,2020-08-29,3,1
inner,2022-07-30,2021,2020-08-29,2021-10-16,4,1
inner,2022-07-30,2022,2021-10-16,2022-07-30,5,1
middle,2023-08-20,2023,2022-07-30,2023-07-05,6,6
inner,2023-08-20,2019,2018-08-18,2019-08-03,2,1
inner,2023-08-20,2020,2019-08-03,2020-08-29,3,1
inner,2023-08-20,2021,2020-08-29,2021-10-16,4,1
inner,2023-08-20,2022,2021-10-16,2022-07-30,5,1
inner,2023-08-20,2023,2022-07-30,2023-07-05,6,6
middle,2024-08-10,2021,2020-08-29,2021-10-16,4,1
middle,2024-08-10,2022,2021-10-16,2022-07-30,5,1
middle,2024-08-10,2023,2022-07-30,2023-07-05,6,6
middle,2024-08-10,2024,2023-08-20,2024-07-17,12,3
inner,2024-08-10,2019,2018-08-18,2019-08-03,2,1
inner,2024-08-10,2020,2019-08-03,2020-08-29,3,1
inner,2024-08-10,2021,2020-08-29,2021-10-16,4,1
inner,2024-08-10,2022,2021-10-16,2022-07-30,5,1
inner,2024-08-10,2023,2022-07-30,2023-07-05,6,6
inner,2024-08-10,2024,2023-08-20,2024-07-17,12,3
middle,2025-08-30,2021,2020-08-29,2021-10-16,4,1
middle,2025-08-30,2022,2021-10-16,2022-07-30,5,1
middle,2025-08-30,2023,2022-07-30,2023-07-05,6,6
middle,2025-08-30,2024,2023-08-20,2024-07-17,12,3
middle,2025-08-30,2025,2024-08-10,2025-08-06,15,3
inner,2025-08-30,2019,2018-08-18,2019-08-03,2,1
inner,2025-08-30,2020,2019-08-03,2020-08-29,3,1
inner,2025-08-30,2021,2020-08-29,2021-10-16,4,1
inner,2025-08-30,2022,2021-10-16,2022-07-30,5,1
inner,2025-08-30,2023,2022-07-30,2023-07-05,6,6
inner,2025-08-30,2024,2023-08-20,2024-07-17,12,3
inner,2025-08-30,2025,2024-08-10,2025-08-06,15,3
