outer_year,model,column,vif,scope
2024,ols,baseline_hourly_56d,2.668685902888463,training_design_only_not_selection_p_value
2024,ols,station=大橋頭站,1.506639970670197,training_design_only_not_selection_p_value
2024,ols,station=民權西路,1.785544902563939,training_design_only_not_selection_p_value
2024,ols,station=雙連,1.7450668183557017,training_design_only_not_selection_p_value
2024,ols,hour=19,1.88807962341746,training_design_only_not_selection_p_value
2024,ols,hour=20,2.253919450161465,training_design_only_not_selection_p_value
2024,ols,hour=21,2.344963083805307,training_design_only_not_selection_p_value
2024,ols,hour=22,2.7014430612585114,training_design_only_not_selection_p_value
2024,ols,hour=23,3.4144013260350374,training_design_only_not_selection_p_value
2024,ridge,baseline_hourly_56d,3.608580407504752,training_design_only_not_selection_p_value
2024,ridge,is_weekend,2.9871462477382145,training_design_only_not_selection_p_value
2024,ridge,day_of_year,1.5641464009564263,training_design_only_not_selection_p_value
2024,ridge,year_index,2.062589869031143,training_design_only_not_selection_p_value
2024,ridge,station=大橋頭站,1.5089785268625824,training_design_only_not_selection_p_value
2024,ridge,station=民權西路,1.8861120335442298,training_design_only_not_selection_p_value
2024,ridge,station=雙連,1.8313778209307952,training_design_only_not_selection_p_value
2024,ridge,hour=19,1.966059883693003,training_design_only_not_selection_p_value
2024,ridge,hour=20,2.4607462121381993,training_design_only_not_selection_p_value
2024,ridge,hour=21,2.5838548448325205,training_design_only_not_selection_p_value
2024,ridge,hour=22,3.065884843534521,training_design_only_not_selection_p_value
2024,ridge,hour=23,4.029942555555449,training_design_only_not_selection_p_value
2025,ols,baseline_hourly_56d,3.4113942046149632,training_design_only_not_selection_p_value
2025,ols,is_weekend,1.2425863968749538,training_design_only_not_selection_p_value
2025,ols,station=大橋頭站,1.518110501603321,training_design_only_not_selection_p_value
2025,ols,station=民權西路,1.8418233485480662,training_design_only_not_selection_p_value
2025,ols,station=雙連,1.7661929929737745,training_design_only_not_selection_p_value
2025,ols,hour=19,1.9564437985309653,training_design_only_not_selection_p_value
2025,ols,hour=20,2.4567791822252074,training_design_only_not_selection_p_value
2025,ols,hour=21,2.5849142576648525,training_design_only_not_selection_p_value
2025,ols,hour=22,3.0561410187495635,training_design_only_not_selection_p_value
2025,ols,hour=23,3.934046146539113,training_design_only_not_selection_p_value
2025,ridge,baseline_hourly_56d,3.507186983375973,training_design_only_not_selection_p_value
2025,ridge,is_weekend,2.4097731485058556,training_design_only_not_selection_p_value
2025,ridge,day_of_year,1.612488493127589,training_design_only_not_selection_p_value
2025,ridge,year_index,1.692459363818189,training_design_only_not_selection_p_value
2025,ridge,station=大橋頭站,1.51861904889199,training_design_only_not_selection_p_value
2025,ridge,station=民權西路,1.851421831291138,training_design_only_not_selection_p_value
2025,ridge,station=雙連,1.7736677569424688,training_design_only_not_selection_p_value
2025,ridge,hour=19,1.9645808108542917,training_design_only_not_selection_p_value
2025,ridge,hour=20,2.478965733781405,training_design_only_not_selection_p_value
2025,ridge,hour=21,2.6106988732959997,training_design_only_not_selection_p_value
2025,ridge,hour=22,3.0951577964128165,training_design_only_not_selection_p_value
2025,ridge,hour=23,3.9977147136571696,training_design_only_not_selection_p_value
2026,ols,baseline_hourly_56d,3.460345327662139,training_design_only_not_selection_p_value
2026,ols,is_weekend,1.2295574639724391,training_design_only_not_selection_p_value
2026,ols,station=大橋頭站,1.5257284129919224,training_design_only_not_selection_p_value
2026,ols,station=民權西路,1.8343646627210943,training_design_only_not_selection_p_value
2026,ols,station=雙連,1.741120665272757,training_design_only_not_selection_p_value
2026,ols,hour=19,1.9705052799491625,training_design_only_not_selection_p_value
2026,ols,hour=20,2.503547215860728,training_design_only_not_selection_p_value
2026,ols,hour=21,2.6398781854180338,training_design_only_not_selection_p_value
2026,ols,hour=22,3.131282215814521,training_design_only_not_selection_p_value
2026,ols,hour=23,3.996293903091792,training_design_only_not_selection_p_value
2026,ridge,baseline_hourly_56d,3.477082440555103,training_design_only_not_selection_p_value
2026,ridge,is_weekend,2.2238856848805018,training_design_only_not_selection_p_value
2026,ridge,day_of_year,1.4938427102875087,training_design_only_not_selection_p_value
2026,ridge,year_index,1.494074974289811,training_design_only_not_selection_p_value
2026,ridge,station=大橋頭站,1.5258528570320475,training_design_only_not_selection_p_value
2026,ridge,station=民權西路,1.8359819287964319,training_design_only_not_selection_p_value
2026,ridge,station=雙連,1.7422869256928477,training_design_only_not_selection_p_value
2026,ridge,hour=19,1.9719748966175041,training_design_only_not_selection_p_value
2026,ridge,hour=20,2.507595067419881,training_design_only_not_selection_p_value
2026,ridge,hour=21,2.64458544712624,training_design_only_not_selection_p_value
2026,ridge,hour=22,3.13836631681303,training_design_only_not_selection_p_value
2026,ridge,hour=23,4.007561921269883,training_design_only_not_selection_p_value
