outer_year,model,column,coefficient,scale
2024,ols,intercept,1865.6100923723607,training_standardized_numeric_and_0_1_dummy_no_inference
2024,ols,baseline_hourly_56d,682.0795435726706,training_standardized_numeric_and_0_1_dummy_no_inference
2024,ols,station=大橋頭站,-1010.5528316661636,training_standardized_numeric_and_0_1_dummy_no_inference
2024,ols,station=民權西路,-1514.9363254474445,training_standardized_numeric_and_0_1_dummy_no_inference
2024,ols,station=雙連,-1148.1734271551986,training_standardized_numeric_and_0_1_dummy_no_inference
2024,ols,hour=19,71.54909106989636,training_standardized_numeric_and_0_1_dummy_no_inference
2024,ols,hour=20,269.1739948827696,training_standardized_numeric_and_0_1_dummy_no_inference
2024,ols,hour=21,2121.912121638352,training_standardized_numeric_and_0_1_dummy_no_inference
2024,ols,hour=22,958.5571271817801,training_standardized_numeric_and_0_1_dummy_no_inference
2024,ols,hour=23,248.59932072958776,training_standardized_numeric_and_0_1_dummy_no_inference
2024,ridge,intercept,1579.7703577303998,training_standardized_numeric_and_0_1_dummy_no_inference
2024,ridge,baseline_hourly_56d,180.93254540426472,training_standardized_numeric_and_0_1_dummy_no_inference
2024,ridge,is_weekend,39.40750647716661,training_standardized_numeric_and_0_1_dummy_no_inference
2024,ridge,day_of_year,-49.45435266793998,training_standardized_numeric_and_0_1_dummy_no_inference
2024,ridge,year_index,-82.5415873744752,training_standardized_numeric_and_0_1_dummy_no_inference
2024,ridge,station=大橋頭站,-72.38127813498058,training_standardized_numeric_and_0_1_dummy_no_inference
2024,ridge,station=民權西路,-85.99686739905624,training_standardized_numeric_and_0_1_dummy_no_inference
2024,ridge,station=雙連,-18.215874639839143,training_standardized_numeric_and_0_1_dummy_no_inference
2024,ridge,hour=19,-46.22703987843636,training_standardized_numeric_and_0_1_dummy_no_inference
2024,ridge,hour=20,-52.776681112169804,training_standardized_numeric_and_0_1_dummy_no_inference
2024,ridge,hour=21,205.166379157529,training_standardized_numeric_and_0_1_dummy_no_inference
2024,ridge,hour=22,16.200516332596727,training_standardized_numeric_and_0_1_dummy_no_inference
2024,ridge,hour=23,-121.06222995785461,training_standardized_numeric_and_0_1_dummy_no_inference
2025,ols,intercept,1309.8119769970624,training_standardized_numeric_and_0_1_dummy_no_inference
2025,ols,baseline_hourly_56d,1010.6436711044257,training_standardized_numeric_and_0_1_dummy_no_inference
2025,ols,is_weekend,735.1467003198834,training_standardized_numeric_and_0_1_dummy_no_inference
2025,ols,station=大橋頭站,-994.7532507653222,training_standardized_numeric_and_0_1_dummy_no_inference
2025,ols,station=民權西路,-1792.9425984569652,training_standardized_numeric_and_0_1_dummy_no_inference
2025,ols,station=雙連,-1387.5176994589617,training_standardized_numeric_and_0_1_dummy_no_inference
2025,ols,hour=19,315.26993195019054,training_standardized_numeric_and_0_1_dummy_no_inference
2025,ols,hour=20,787.7971035402977,training_standardized_numeric_and_0_1_dummy_no_inference
2025,ols,hour=21,2506.3986725795344,training_standardized_numeric_and_0_1_dummy_no_inference
2025,ols,hour=22,1385.073954969387,training_standardized_numeric_and_0_1_dummy_no_inference
2025,ols,hour=23,845.2726903098018,training_standardized_numeric_and_0_1_dummy_no_inference
2025,ridge,intercept,1702.5513632424363,training_standardized_numeric_and_0_1_dummy_no_inference
2025,ridge,baseline_hourly_56d,440.0337109176751,training_standardized_numeric_and_0_1_dummy_no_inference
2025,ridge,is_weekend,383.84943671817086,training_standardized_numeric_and_0_1_dummy_no_inference
2025,ridge,day_of_year,-105.00090568749704,training_standardized_numeric_and_0_1_dummy_no_inference
2025,ridge,year_index,-15.339744275041,training_standardized_numeric_and_0_1_dummy_no_inference
2025,ridge,station=大橋頭站,-396.0439908541981,training_standardized_numeric_and_0_1_dummy_no_inference
2025,ridge,station=民權西路,-599.6457622124223,training_standardized_numeric_and_0_1_dummy_no_inference
2025,ridge,station=雙連,-345.07630435979036,training_standardized_numeric_and_0_1_dummy_no_inference
2025,ridge,hour=19,-215.3043638552134,training_standardized_numeric_and_0_1_dummy_no_inference
2025,ridge,hour=20,-101.60940528524661,training_standardized_numeric_and_0_1_dummy_no_inference
2025,ridge,hour=21,936.575668707403,training_standardized_numeric_and_0_1_dummy_no_inference
2025,ridge,hour=22,121.5012898629827,training_standardized_numeric_and_0_1_dummy_no_inference
2025,ridge,hour=23,-385.30714690974025,training_standardized_numeric_and_0_1_dummy_no_inference
2026,ols,intercept,1382.8005903020282,training_standardized_numeric_and_0_1_dummy_no_inference
2026,ols,baseline_hourly_56d,1049.7721330623515,training_standardized_numeric_and_0_1_dummy_no_inference
2026,ols,is_weekend,728.2449011648376,training_standardized_numeric_and_0_1_dummy_no_inference
2026,ols,station=大橋頭站,-1002.6950678998893,training_standardized_numeric_and_0_1_dummy_no_inference
2026,ols,station=民權西路,-1839.4957946008383,training_standardized_numeric_and_0_1_dummy_no_inference
2026,ols,station=雙連,-1433.0234443173024,training_standardized_numeric_and_0_1_dummy_no_inference
2026,ols,hour=19,309.68584760338507,training_standardized_numeric_and_0_1_dummy_no_inference
2026,ols,hour=20,926.6553014185688,training_standardized_numeric_and_0_1_dummy_no_inference
2026,ols,hour=21,2541.482684127601,training_standardized_numeric_and_0_1_dummy_no_inference
2026,ols,hour=22,1380.762433398998,training_standardized_numeric_and_0_1_dummy_no_inference
2026,ols,hour=23,861.877503927367,training_standardized_numeric_and_0_1_dummy_no_inference
2026,ridge,intercept,1771.13230182805,training_standardized_numeric_and_0_1_dummy_no_inference
2026,ridge,baseline_hourly_56d,469.9763609868231,training_standardized_numeric_and_0_1_dummy_no_inference
2026,ridge,is_weekend,395.3546462870929,training_standardized_numeric_and_0_1_dummy_no_inference
2026,ridge,day_of_year,-59.67163023487235,training_standardized_numeric_and_0_1_dummy_no_inference
2026,ridge,year_index,49.05764211333955,training_standardized_numeric_and_0_1_dummy_no_inference
2026,ridge,station=大橋頭站,-400.768517962042,training_standardized_numeric_and_0_1_dummy_no_inference
2026,ridge,station=民權西路,-618.7125424020851,training_standardized_numeric_and_0_1_dummy_no_inference
2026,ridge,station=雙連,-373.20990645278425,training_standardized_numeric_and_0_1_dummy_no_inference
2026,ridge,hour=19,-231.58247850634808,training_standardized_numeric_and_0_1_dummy_no_inference
2026,ridge,hour=20,-36.03226962642853,training_standardized_numeric_and_0_1_dummy_no_inference
2026,ridge,hour=21,935.7548611404083,training_standardized_numeric_and_0_1_dummy_no_inference
2026,ridge,hour=22,93.37521686479442,training_standardized_numeric_and_0_1_dummy_no_inference
2026,ridge,hour=23,-396.1560739210825,training_standardized_numeric_and_0_1_dummy_no_inference
