model,events,rows,mae,rmse,bias_pred_minus_actual,peak_underprediction_mean,peak_hour_mae,year
equal,3,72,675.8822098929442,1302.1504208456195,-317.727760719673,1708.9236156568534,0.9166666666666666,2024
stack,3,72,694.7996195344913,1218.280669175686,-217.2970752343002,1401.408568858871,0.9166666666666666,2024
ols,3,72,708.3310072961034,1195.1196060216466,-142.82744398208402,1234.8394130250633,0.9166666666666666,2024
xgboost,3,72,722.1800414191351,1370.860302585432,-412.1598336961535,1843.9596862792969,1.4166666666666667,2024
ridge,3,72,795.6778768575135,1497.4869229955693,-398.19600448078154,2074.0339832626655,1.0833333333333333,2024
baseline,3,72,820.2152777777778,1704.3344849114371,-816.8958333333334,2136.5,1.3333333333333333,2024
equal,3,72,556.3643921396123,1084.922825513127,-206.36121145702182,1102.8055032957916,0.5,2025
xgboost,3,72,580.0033721923828,1150.7624147763165,-193.91114128960507,1260.2068990071614,0.5,2025
stack,3,72,587.3199141817659,1040.771951343881,-173.41879687905018,935.8669530214165,1.0,2025
ridge,3,72,590.1896917167596,1201.1486574762534,-306.0221451824145,1347.9042709904709,1.0,2025
ols,3,72,637.660699599994,1012.1160723986601,-119.15034789904611,813.5458233462128,1.0,2025
baseline,3,72,795.1284722222223,1655.228951256106,-783.2118055555557,1997.6458333333333,1.5,2025
equal,3,72,602.9197018825639,1269.5579246572368,-135.79551250349797,1596.8034389961967,0.5,2026
stack,3,72,619.1446167760972,1244.3796609643487,-168.19124268766654,1561.719409943629,0.5,2026
xgboost,3,72,636.7188462151421,1263.7293035329742,-97.14417733086479,1540.3822428385417,0.5,2026
ridge,3,72,688.1569348993233,1402.4611562569964,-100.64913274448382,1744.8887526133374,0.75,2026
ols,3,72,695.8013731654829,1237.1459332737556,-209.5932274351453,1522.3764834627966,0.5,2026
baseline,3,72,999.0902777777778,1994.8330539174308,-996.7847222222223,3002.944444444444,2.0,2026
